{
  "camera_index": 0,
  "image_width": 1920,
  "image_height": 1080,
  "camera_matrix": [
    [
      1189.7244271580996,
      0.0,
      968.4572199770984
    ],
    [
      0.0,
      1182.4360348706014,
      511.52261331835655
    ],
    [
      0.0,
      0.0,
      1.0
    ]
  ],
  "dist_coeffs": [
    [
      -0.43249953902526606,
      0.19757391879993855,
      0.0019493047506642742,
      -0.0005571659286075603,
      -0.04276202802419535
    ]
  ],
  "reprojection_error": 0.30853270460070487,
  "num_captures": 26,
  "checkerboard": {
    "rows": 7,
    "cols": 7,
    "square_size_mm": 22.1875
  }
}