{
  "camera_index": 1,
  "image_width": 1920,
  "image_height": 1080,
  "camera_matrix": [
    [
      1212.8594988383668,
      0.0,
      912.8494173802279
    ],
    [
      0.0,
      1212.6782441859352,
      522.0604709628036
    ],
    [
      0.0,
      0.0,
      1.0
    ]
  ],
  "dist_coeffs": [
    [
      -0.42710023490842774,
      0.21019831956065416,
      -0.0009203698507735826,
      -0.0017176465155411902,
      -0.053269902452510474
    ]
  ],
  "reprojection_error": 0.16691898028865212,
  "num_captures": 41,
  "checkerboard": {
    "rows": 7,
    "cols": 7,
    "square_size_mm": 22.1875
  }
}