{
  "camera_index": 2,
  "image_width": 1920,
  "image_height": 1080,
  "camera_matrix": [
    [
      1203.0626906781304,
      0.0,
      976.4356725284229
    ],
    [
      0.0,
      1203.8348790272187,
      551.2989176712273
    ],
    [
      0.0,
      0.0,
      1.0
    ]
  ],
  "dist_coeffs": [
    [
      -0.4178534419932966,
      0.19630355989279827,
      0.0007671002257612356,
      -0.0023643692370874437,
      -0.04776864914976725
    ]
  ],
  "reprojection_error": 0.13765019025539335,
  "num_captures": 43,
  "checkerboard": {
    "rows": 7,
    "cols": 7,
    "square_size_mm": 22.1875
  }
}