{
  "camera_key": "cam_1",
  "camera_index": 1,
  "configuration": "eye_to_hand",
  "method": "HORAUD_STEREO_DEDUCED_FROM_CAM0",
  "robust": true,
  "transform_name": "T_base_cam",
  "transform": [
    [
      -0.04717081138881644,
      0.5599242407870597,
      -0.8271999511194114,
      0.6546908760237977
    ],
    [
      0.9977792443261528,
      0.06539928495731179,
      -0.012629850316004557,
      -0.011286238929961653
    ],
    [
      0.04702652597049016,
      -0.8259587024216816,
      -0.5617657231880924,
      0.2289133417130535
    ],
    [
      0.0,
      0.0,
      0.0,
      1.0
    ]
  ],
  "n_poses_total": 71,
  "n_poses_used": 71,
  "used_capture_ids": [
    1,
    2,
    3,
    4,
    5,
    6,
    7,
    8,
    9,
    10,
    11,
    12,
    13,
    14,
    15,
    16,
    17,
    18,
    19,
    20,
    21,
    22,
    23,
    24,
    25,
    26,
    27,
    28,
    29,
    30,
    31,
    32,
    33,
    34,
    35,
    36,
    37,
    38,
    39,
    40,
    41,
    42,
    43,
    44,
    45,
    46,
    47,
    48,
    49,
    50,
    51,
    52,
    53,
    54,
    55,
    56,
    57,
    58,
    59,
    60,
    61,
    62,
    63,
    64,
    65,
    66,
    67,
    68,
    69,
    70,
    71
  ],
  "residuals": {
    "label": "T_gripper_target",
    "n_poses": 71,
    "translation_mean_dev_mm": 11.769520667250811,
    "translation_max_dev_mm": 26.784798907678688,
    "translation_median_dev_mm": 10.335445907250616,
    "rotation_mean_dev_deg": 2.8508590918969205,
    "rotation_max_dev_deg": 7.2095380179494795,
    "rotation_median_dev_deg": 2.454867288628465
  },
  "capture_file": "configs/extrinsic_capture_stereo.json"
}