{
  "T_cam0_cam1": [
    [
      0.9992850388894035,
      0.01994539800328444,
      0.03211840827771478,
      -0.1030689779129328
    ],
    [
      -0.021318588453038405,
      0.9988478122991786,
      0.04299494913957829,
      0.0005618482745657072
    ],
    [
      -0.03122385047000736,
      -0.04364892855083062,
      0.9985588826895443,
      0.007531127743938715
    ],
    [
      0.0,
      0.0,
      0.0,
      1.0
    ]
  ],
  "baseline_mm": 103.35,
  "cam0_pos_mm": [
    654.3,
    91.9,
    234.6
  ],
  "cam1_pos_mm": [
    654.7,
    -11.3,
    228.9
  ]
}