{
  "camera_key": "cam_2",
  "camera_index": 2,
  "configuration": "eye_in_hand",
  "method": "HORAUD",
  "robust": false,
  "transform_name": "T_gripper_cam",
  "transform": [
    [
      -0.9963792201659263,
      -0.05422443430386329,
      -0.06548404649962848,
      -0.009191638969000951
    ],
    [
      0.06937678704238488,
      -0.9637699779133186,
      -0.25755444296815355,
      0.06060248103767295
    ],
    [
      -0.04914581407622696,
      -0.26116496778355686,
      0.9640422960437984,
      -0.10212728220441755
    ],
    [
      0.0,
      0.0,
      0.0,
      1.0
    ]
  ],
  "n_poses_total": 41,
  "n_poses_used": 20,
  "used_capture_ids": [
    1,
    2,
    3,
    7,
    8,
    9,
    12,
    13,
    15,
    17,
    18,
    19,
    20,
    21,
    22,
    23,
    24,
    25,
    38,
    39
  ],
  "residuals": {
    "label": "T_base_target (apres alignement + rejet outliers)",
    "n_poses": 20,
    "n_poses_total": 41,
    "translation_mean_dev_mm": 2.4780764261805763,
    "translation_max_dev_mm": 4.7668965411551865,
    "translation_median_dev_mm": 2.103166027631536,
    "rotation_mean_dev_deg": 0.4075876987456638,
    "rotation_max_dev_deg": 0.7622829447362605,
    "rotation_median_dev_deg": 0.40875097904126745
  },
  "capture_file": "configs/extrinsic_capture_cam_2.json"
}