{
  "camera_key": "cam_0",
  "camera_index": 0,
  "configuration": "eye_to_hand",
  "method": "HORAUD_STEREO_INDEPENDENT",
  "robust": true,
  "transform_name": "T_base_cam",
  "transform": [
    [
      -0.07723433571926186,
      0.518992653289813,
      -0.8512822582535148,
      0.6497618227454434
    ],
    [
      0.996962098080267,
      0.031577069438553436,
      -0.0712001662713257,
      0.1003380341711493
    ],
    [
      -0.010071364227151583,
      -0.8541952437919988,
      -0.5198548384941041,
      0.22871576477664113
    ],
    [
      0.0,
      0.0,
      0.0,
      1.0
    ]
  ],
  "n_poses_total": 70,
  "n_poses_used": 22,
  "used_capture_ids": [
    7,
    8,
    10,
    11,
    12,
    13,
    15,
    18,
    33,
    36,
    40,
    41,
    42,
    47,
    48,
    50,
    51,
    55,
    63,
    64,
    66,
    67
  ],
  "residuals": {
    "label": "T_gripper_target (apres alignement + rejet outliers)",
    "n_poses": 22,
    "n_poses_total": 70,
    "translation_mean_dev_mm": 7.01134624311845,
    "translation_max_dev_mm": 12.491805320050196,
    "translation_median_dev_mm": 6.7963610810930035,
    "rotation_mean_dev_deg": 1.348862996067584,
    "rotation_max_dev_deg": 2.2829138713741295,
    "rotation_median_dev_deg": 1.4232276994407684
  },
  "capture_file": "configs/extrinsic_capture_stereo.json"
}