{
  "T_cam0_cam1": [
    [
      0.9992898771945442,
      0.019419364556625573,
      0.032289775730554166,
      -0.10317449874892118
    ],
    [
      -0.020795240206567374,
      0.9988657130107261,
      0.04283509491439385,
      0.000576683924469662
    ],
    [
      -0.03142131953409617,
      -0.043476150379154206,
      0.9985602260389432,
      0.007164967675487355
    ],
    [
      0.0,
      0.0,
      0.0,
      1.0
    ]
  ],
  "baseline_mm": 103.42,
  "cam0_pos_mm": [
    649.8,
    100.3,
    228.7
  ],
  "cam1_pos_mm": [
    651.9,
    -3.0,
    225.5
  ]
}