{
  "camera_key": "cam_1",
  "camera_index": 1,
  "configuration": "eye_to_hand",
  "method": "HORAUD_STEREO_DEDUCED_FROM_CAM0",
  "robust": true,
  "transform_name": "T_base_cam",
  "transform": [
    [
      -0.06122365489641812,
      0.5539146004289723,
      -0.8303193840401029,
      0.6519303214764518
    ],
    [
      0.9978346829895431,
      0.053997131547121824,
      -0.03755336480051192,
      -0.0030149674714513436
    ],
    [
      0.024033507947899362,
      -0.8308206336004749,
      -0.5560211014695604,
      0.2255375289532861
    ],
    [
      0.0,
      0.0,
      0.0,
      1.0
    ]
  ],
  "n_poses_total": 70,
  "n_poses_used": 70,
  "used_capture_ids": [
    1,
    2,
    3,
    4,
    5,
    6,
    7,
    8,
    9,
    10,
    11,
    12,
    13,
    14,
    15,
    16,
    17,
    18,
    19,
    20,
    21,
    22,
    23,
    24,
    25,
    26,
    27,
    28,
    29,
    30,
    31,
    32,
    33,
    34,
    35,
    36,
    37,
    38,
    39,
    40,
    41,
    42,
    43,
    44,
    45,
    46,
    47,
    48,
    49,
    50,
    51,
    52,
    53,
    54,
    55,
    56,
    57,
    58,
    59,
    60,
    61,
    62,
    63,
    64,
    65,
    66,
    67,
    68,
    69,
    70
  ],
  "residuals": {
    "label": "T_gripper_target",
    "n_poses": 70,
    "translation_mean_dev_mm": 23.368474222259085,
    "translation_max_dev_mm": 116.1091806255737,
    "translation_median_dev_mm": 14.273583508528894,
    "rotation_mean_dev_deg": 4.186531875335779,
    "rotation_max_dev_deg": 19.082912456344108,
    "rotation_median_dev_deg": 2.5879799101345347
  },
  "capture_file": "configs/extrinsic_capture_stereo.json"
}