{
  "camera_key": "cam_0",
  "camera_index": 0,
  "configuration": "eye_to_hand",
  "method": "HORAUD",
  "robust": true,
  "transform_name": "T_base_cam",
  "transform": [
    [
      -0.07589108802762719,
      0.5206022836123425,
      -0.8504197816699683,
      0.6469419093206205
    ],
    [
      0.9970700624958241,
      0.04781826551217096,
      -0.05970514180521445,
      0.09427100076902047
    ],
    [
      0.009582965749503515,
      -0.8524591930298021,
      -0.5227059316541397,
      0.23525676574873133
    ],
    [
      0.0,
      0.0,
      0.0,
      1.0
    ]
  ],
  "n_poses_total": 60,
  "n_poses_used": 21,
  "used_capture_ids": [
    3,
    4,
    5,
    11,
    12,
    16,
    18,
    19,
    20,
    21,
    22,
    29,
    30,
    36,
    37,
    38,
    41,
    46,
    47,
    57,
    58
  ],
  "residuals": {
    "label": "T_gripper_target (apres alignement + rejet outliers)",
    "n_poses": 21,
    "n_poses_total": 60,
    "translation_mean_dev_mm": 5.8194292722078975,
    "translation_max_dev_mm": 12.781237620460015,
    "translation_median_dev_mm": 5.307341761321362,
    "rotation_mean_dev_deg": 2.1221322872920987,
    "rotation_max_dev_deg": 3.386077669277647,
    "rotation_median_dev_deg": 2.2003895066642425
  },
  "capture_file": "configs/extrinsic_capture_cam_0.json"
}